subject,roi,cluster_id,hits,hit_rate,birth,death,persistence,maxdist_full,shift_added,robust,B,subsample_frac,persist_floor_frac,top_L,cluster_tol_frac,min_hits,strict_tag
1,V1,1,194,0.97,4.709584606649153,7.467851995175724,2.758267388526571,15.547662199543549,8.910184175776077,True,200,0.8,0.05,10,0.02,10,STRICT2
1,V1,2,170,0.85,4.24317060514938,7.434767745955046,3.191597140805666,15.547662199543549,8.910184175776077,True,200,0.8,0.05,10,0.02,10,STRICT2
1,V1,0,157,0.785,5.164360534096385,7.68420203811571,2.519841504019324,15.547662199543549,8.910184175776077,True,200,0.8,0.05,10,0.02,10,STRICT2
1,V1,4,53,0.265,4.495979293700187,7.8644214368635605,3.3684421431633735,15.547662199543549,8.910184175776077,True,200,0.8,0.05,10,0.02,10,STRICT2
1,V1,6,35,0.175,5.538626410744407,7.924613987315785,2.385987576571378,15.547662199543549,8.910184175776077,True,200,0.8,0.05,10,0.02,10,STRICT2
1,V1,5,4,0.02,4.27740752696991,7.805844783782959,3.5284372568130493,15.547662199543549,8.910184175776077,False,200,0.8,0.05,10,0.02,10,STRICT2
1,V1,7,2,0.01,5.076290130615234,7.372056007385254,2.2957658767700195,15.547662199543549,8.910184175776077,False,200,0.8,0.05,10,0.02,10,STRICT2
1,V1,3,1,0.005,4.0093607902526855,7.290970325469971,3.281609535217285,15.547662199543549,8.910184175776077,False,200,0.8,0.05,10,0.02,10,STRICT2
1,V2,0,197,0.985,3.844882745573941,6.441241268748224,2.596358523174283,13.230951489018036,7.747732878731323,True,200,0.8,0.05,10,0.02,10,STRICT2
1,V2,1,119,0.595,4.345447429418564,6.536703094244003,2.1912556648254395,13.230951489018036,7.747732878731323,True,200,0.8,0.05,10,0.02,10,STRICT2
1,V2,5,89,0.445,2.449465274810791,6.223208556014501,3.7737432812037093,13.230951489018036,7.747732878731323,True,200,0.8,0.05,10,0.02,10,STRICT2
1,V2,2,81,0.405,3.3083462715148926,6.385575488761619,3.077229217246727,13.230951489018036,7.747732878731323,True,200,0.8,0.05,10,0.02,10,STRICT2
1,V2,4,80,0.4,4.605055856116024,7.084323688789651,2.479267832673626,13.230951489018036,7.747732878731323,True,200,0.8,0.05,10,0.02,10,STRICT2
1,V2,6,17,0.085,4.721873740355174,6.712139666080475,1.990265925725301,13.230951489018036,7.747732878731323,True,200,0.8,0.05,10,0.02,10,STRICT2
1,V2,8,14,0.07,3.806958334786551,6.089023998805454,2.2820656640189037,13.230951489018036,7.747732878731323,True,200,0.8,0.05,10,0.02,10,STRICT2
1,V2,7,8,0.04,4.226805686950684,6.25742408964369,2.0306184026930065,13.230951489018036,7.747732878731323,False,200,0.8,0.05,10,0.02,10,STRICT2
1,V2,3,1,0.005,3.627413272857666,6.500028133392334,2.872614860534668,13.230951489018036,7.747732878731323,False,200,0.8,0.05,10,0.02,10,STRICT2
1,V2,9,1,0.005,4.915134429931641,7.067573070526123,2.1524386405944824,13.230951489018036,7.747732878731323,False,200,0.8,0.05,10,0.02,10,STRICT2
1,V2,10,1,0.005,4.632456302642822,6.435140132904053,1.8026838302612305,13.230951489018036,7.747732878731323,False,200,0.8,0.05,10,0.02,10,STRICT2
1,V3,2,197,0.985,5.566445484297293,9.025635483712312,3.4591899994150195,17.28915023903711,10.593066335724426,True,200,0.8,0.05,10,0.02,10,STRICT2
1,V3,0,169,0.845,4.875787555781844,8.889164675294964,4.013377119513119,17.28915023903711,10.593066335724426,True,200,0.8,0.05,10,0.02,10,STRICT2
1,V3,7,133,0.665,3.9909242470252333,8.43885683166194,4.447932584636708,17.28915023903711,10.593066335724426,True,200,0.8,0.05,10,0.02,10,STRICT2
1,V3,3,95,0.475,5.088104313817517,8.471601428656742,3.383497114839225,17.28915023903711,10.593066335724426,True,200,0.8,0.05,10,0.02,10,STRICT2
1,V3,11,81,0.405,3.166142225265503,8.527103070859555,5.360960845594053,17.28915023903711,10.593066335724426,True,200,0.8,0.05,10,0.02,10,STRICT2
1,V3,4,80,0.4,6.107405280492392,9.145538916070777,3.0381336355783852,17.28915023903711,10.593066335724426,True,200,0.8,0.05,10,0.02,10,STRICT2
1,V3,8,78,0.39,4.487198829650879,8.967333854773106,4.480135025122227,17.28915023903711,10.593066335724426,True,200,0.8,0.05,10,0.02,10,STRICT2
1,V3,1,58,0.29,4.7131452560424805,8.236639022827148,3.523493766784668,17.28915023903711,10.593066335724426,True,200,0.8,0.05,10,0.02,10,STRICT2
1,V3,5,31,0.155,6.607206110520797,9.280856670032849,2.6736505595120517,17.28915023903711,10.593066335724426,True,200,0.8,0.05,10,0.02,10,STRICT2
1,V3,9,16,0.08,5.763001177046034,9.455598778194851,3.692597601148817,17.28915023903711,10.593066335724426,True,200,0.8,0.05,10,0.02,10,STRICT2
1,V3,6,11,0.055,5.604071030249963,8.52108251131498,2.9170114810650167,17.28915023903711,10.593066335724426,True,200,0.8,0.05,10,0.02,10,STRICT2
1,V3,12,5,0.025,7.099253722599575,9.505521638052803,2.40626791545323,17.28915023903711,10.593066335724426,False,200,0.8,0.05,10,0.02,10,STRICT2
1,V3,13,4,0.02,3.835747003555298,8.825355052947998,4.9896080493927,17.28915023903711,10.593066335724426,False,200,0.8,0.05,10,0.02,10,STRICT2
1,V3,10,3,0.015,6.194722970326741,9.3433624903361,3.148639520009359,17.28915023903711,10.593066335724426,False,200,0.8,0.05,10,0.02,10,STRICT2
1,V3,14,1,0.005,6.097179889678955,8.746685981750488,2.649506092071533,17.28915023903711,10.593066335724426,False,200,0.8,0.05,10,0.02,10,STRICT2
1,V4,1,198,0.99,5.271475607538458,10.383216840684511,5.111741233146054,21.670192883418633,12.55044174294336,True,200,0.8,0.05,10,0.02,10,STRICT2
1,V4,2,164,0.82,6.020575081078819,10.553960433668294,4.533385352589475,21.670192883418633,12.55044174294336,True,200,0.8,0.05,10,0.02,10,STRICT2
1,V4,5,88,0.44,4.679235935211182,10.290596225044943,5.611360289833763,21.670192883418633,12.55044174294336,True,200,0.8,0.05,10,0.02,10,STRICT2
1,V4,0,77,0.385,3.785710573196411,10.212218705709878,6.426508132513467,21.670192883418633,12.55044174294336,True,200,0.8,0.05,10,0.02,10,STRICT2
1,V4,3,50,0.25,6.505552310754757,10.77846894405856,4.272916633303803,21.670192883418633,12.55044174294336,True,200,0.8,0.05,10,0.02,10,STRICT2
1,V4,6,14,0.07,5.928158760070801,10.051512718200684,4.123353958129883,21.670192883418633,12.55044174294336,True,200,0.8,0.05,10,0.02,10,STRICT2
1,V4,4,3,0.015,6.843780159950256,10.868906736373901,4.025126576423645,21.670192883418633,12.55044174294336,False,200,0.8,0.05,10,0.02,10,STRICT2
1,LO2,1,199,0.995,6.92365835539846,10.798836229748526,3.8751778743500656,24.853154690073563,13.042715043829514,True,200,0.8,0.05,10,0.02,10,STRICT2
1,LO2,2,181,0.905,7.661147336369937,11.398614708910284,3.7374673725403462,24.853154690073563,13.042715043829514,True,200,0.8,0.05,10,0.02,10,STRICT2
1,LO2,0,112,0.56,6.033143635634538,10.434937953948975,4.401794318314437,24.853154690073563,13.042715043829514,True,200,0.8,0.05,10,0.02,10,STRICT2
1,LO2,3,74,0.37,5.436258792877197,10.182115374384699,4.7458565815075024,24.853154690073563,13.042715043829514,True,200,0.8,0.05,10,0.02,10,STRICT2
1,LO2,8,17,0.085,6.033321256990786,11.01237314718741,4.979051890196623,24.853154690073563,13.042715043829514,True,200,0.8,0.05,10,0.02,10,STRICT2
1,LO2,7,11,0.055,5.436258792877197,10.987088376825506,5.550829583948309,24.853154690073563,13.042715043829514,True,200,0.8,0.05,10,0.02,10,STRICT2
1,LO2,6,11,0.055,8.294396877288818,11.597921030861992,3.3035241535731723,24.853154690073563,13.042715043829514,True,200,0.8,0.05,10,0.02,10,STRICT2
1,LO2,4,9,0.045,7.371177434921265,11.03855333328247,3.667375898361206,24.853154690073563,13.042715043829514,False,200,0.8,0.05,10,0.02,10,STRICT2
1,LO2,5,6,0.03,6.66964054107666,10.055987040201822,3.3863464991251626,24.853154690073563,13.042715043829514,False,200,0.8,0.05,10,0.02,10,STRICT2
1,LO2,9,2,0.01,7.5831146240234375,11.900171279907227,4.317056655883789,24.853154690073563,13.042715043829514,False,200,0.8,0.05,10,0.02,10,STRICT2
1,MT,0,199,0.995,3.2111987529967014,9.669132428911894,6.457933675915192,27.630598605679108,12.183359504746033,True,200,0.8,0.05,10,0.02,10,STRICT2
1,MT,2,121,0.605,2.3409705473029097,9.585460704305898,7.244490157002988,27.630598605679108,12.183359504746033,True,200,0.8,0.05,10,0.02,10,STRICT2
1,MT,1,93,0.465,3.9531163984053843,9.832670318113792,5.879553919708407,27.630598605679108,12.183359504746033,True,200,0.8,0.05,10,0.02,10,STRICT2
1,MT,3,7,0.035,4.54838842815823,10.131596883138021,5.583208454979791,27.630598605679108,12.183359504746033,False,200,0.8,0.05,10,0.02,10,STRICT2
1,PH,0,198,0.99,2.2750340455037126,8.01552558358694,5.740491538083228,21.151387215660645,10.29743778805597,True,200,0.8,0.05,10,0.02,10,STRICT2
1,PH,2,151,0.755,1.368314708922019,7.753172823902575,6.384858114980556,21.151387215660645,10.29743778805597,True,200,0.8,0.05,10,0.02,10,STRICT2
1,PH,1,138,0.69,2.959385110316161,8.12354831716609,5.1641632068499295,21.151387215660645,10.29743778805597,True,200,0.8,0.05,10,0.02,10,STRICT2
1,PH,4,17,0.085,3.612599160936144,8.320497075716654,4.707897914780511,21.151387215660645,10.29743778805597,True,200,0.8,0.05,10,0.02,10,STRICT2
1,PH,5,11,0.055,2.7476723194122314,7.614607095718384,4.866934776306152,21.151387215660645,10.29743778805597,True,200,0.8,0.05,10,0.02,10,STRICT2
1,PH,3,1,0.005,1.9673271179199219,7.745233058929443,5.7779059410095215,21.151387215660645,10.29743778805597,False,200,0.8,0.05,10,0.02,10,STRICT2
1,PH,7,1,0.005,2.244790554046631,7.012911319732666,4.768120765686035,21.151387215660645,10.29743778805597,False,200,0.8,0.05,10,0.02,10,STRICT2
1,PH,6,1,0.005,4.257719357808431,8.495846112569174,4.238126754760742,21.151387215660645,10.29743778805597,False,200,0.8,0.05,10,0.02,10,STRICT2
1,STSva,1,200,1.0,1.3683612732326282,3.390341386044314,2.021980112811686,10.600733430193497,4.448569179581238,True,200,0.8,0.05,10,0.02,10,STRICT2
1,STSva,0,174,0.87,0.9686039565615572,3.220054815614844,2.2514508590532865,10.600733430193497,4.448569179581238,True,200,0.8,0.05,10,0.02,10,STRICT2
1,STSva,2,49,0.245,1.6605621566120377,3.4386277076525564,1.778065551040519,10.600733430193497,4.448569179581238,True,200,0.8,0.05,10,0.02,10,STRICT2
1,STSva,4,16,0.08,1.3489863119627301,3.110942100223742,1.761955788261012,10.600733430193497,4.448569179581238,True,200,0.8,0.05,10,0.02,10,STRICT2
1,STSva,3,10,0.05,0.9362759441137314,3.4420525630315146,2.5057766189177832,10.600733430193497,4.448569179581238,True,200,0.8,0.05,10,0.02,10,STRICT2
1,STSva,5,4,0.02,1.8581793308258057,3.578194737434387,1.7200154066085815,10.600733430193497,4.448569179581238,False,200,0.8,0.05,10,0.02,10,STRICT2
1,PIT,0,199,0.995,6.337221258664986,11.760650229485703,5.423428970820717,27.281403482960297,14.05800385873182,True,200,0.8,0.05,10,0.02,10,STRICT2
1,PIT,2,143,0.715,5.602593300293903,11.513685065872815,5.911091765578912,27.281403482960297,14.05800385873182,True,200,0.8,0.05,10,0.02,10,STRICT2
1,PIT,3,79,0.395,4.825232982635498,11.402498607394062,6.577265624758564,27.281403482960297,14.05800385873182,True,200,0.8,0.05,10,0.02,10,STRICT2
1,PIT,1,65,0.325,7.089210347431462,11.918712499665052,4.829502152233589,27.281403482960297,14.05800385873182,True,200,0.8,0.05,10,0.02,10,STRICT2
1,PIT,4,8,0.04,7.727063395760276,12.275183244185014,4.548119848424738,27.281403482960297,14.05800385873182,False,200,0.8,0.05,10,0.02,10,STRICT2
1,PIT,5,2,0.01,6.824174404144287,12.451004028320312,5.626829624176025,27.281403482960297,14.05800385873182,False,200,0.8,0.05,10,0.02,10,STRICT2
1,PIT,6,1,0.005,6.9472455978393555,11.345524787902832,4.398279190063477,27.281403482960297,14.05800385873182,False,200,0.8,0.05,10,0.02,10,STRICT2
2,V1,2,186,0.93,5.855116772385778,7.331288950150784,1.476172177765006,13.026131370173527,8.510231153176857,True,200,0.8,0.05,10,0.02,10,STRICT2
2,V1,0,144,0.72,5.327036666870117,7.291204830091827,1.9641681632217096,13.026131370173527,8.510231153176857,True,200,0.8,0.05,10,0.02,10,STRICT2
2,V1,4,144,0.72,5.173778086807869,6.73630898763829,1.5625309008304205,13.026131370173527,8.510231153176857,True,200,0.8,0.05,10,0.02,10,STRICT2
2,V1,9,138,0.69,4.877880642630837,7.2401312004436145,2.3622505578127773,13.026131370173527,8.510231153176857,True,200,0.8,0.05,10,0.02,10,STRICT2
2,V1,1,136,0.68,6.333460573824296,7.930934458785916,1.59747388496162,13.026131370173527,8.510231153176857,True,200,0.8,0.05,10,0.02,10,STRICT2
2,V1,6,93,0.465,3.436347746079968,8.163097986610987,4.726750240531019,13.026131370173527,8.510231153176857,True,200,0.8,0.05,10,0.02,10,STRICT2
2,V1,8,92,0.46,3.7111600390020407,7.353457180958874,3.642297141956833,13.026131370173527,8.510231153176857,True,200,0.8,0.05,10,0.02,10,STRICT2
2,V1,7,84,0.42,2.7868099212646484,7.320942101024446,4.534132179759798,13.026131370173527,8.510231153176857,True,200,0.8,0.05,10,0.02,10,STRICT2
2,V1,12,66,0.33,3.531005382537842,7.064277172088623,3.5332717895507812,13.026131370173527,8.510231153176857,True,200,0.8,0.05,10,0.02,10,STRICT2
2,V1,3,28,0.14,6.271572560975046,7.6164914477955215,1.3449188868204753,13.026131370173527,8.510231153176857,True,200,0.8,0.05,10,0.02,10,STRICT2
2,V1,5,23,0.115,6.140157209860312,7.326193126472267,1.186035916611955,13.026131370173527,8.510231153176857,True,200,0.8,0.05,10,0.02,10,STRICT2
2,V1,13,22,0.11,6.697845666304879,8.02481458498084,1.3269689186759617,13.026131370173527,8.510231153176857,True,200,0.8,0.05,10,0.02,10,STRICT2
2,V1,14,19,0.095,4.988209247589111,6.199594497680664,1.2113852500915527,13.026131370173527,8.510231153176857,True,200,0.8,0.05,10,0.02,10,STRICT2
2,V1,15,12,0.06,3.7697103023529053,7.829943339029948,4.060233036677043,13.026131370173527,8.510231153176857,True,200,0.8,0.05,10,0.02,10,STRICT2
2,V1,18,11,0.055,6.810365200042725,8.354313330216842,1.5439481301741167,13.026131370173527,8.510231153176857,True,200,0.8,0.05,10,0.02,10,STRICT2
2,V1,11,10,0.05,5.759164651234944,6.97711702187856,1.2179523706436157,13.026131370173527,8.510231153176857,True,200,0.8,0.05,10,0.02,10,STRICT2
2,V1,19,6,0.03,5.969613711039226,7.776534716288249,1.8069210052490234,13.026131370173527,8.510231153176857,False,200,0.8,0.05,10,0.02,10,STRICT2
2,V1,16,5,0.025,4.838258171081543,7.553603935241699,2.715345764160156,13.026131370173527,8.510231153176857,False,200,0.8,0.05,10,0.02,10,STRICT2
2,V1,17,4,0.02,5.228677272796631,7.608825445175171,2.38014817237854,13.026131370173527,8.510231153176857,False,200,0.8,0.05,10,0.02,10,STRICT2
2,V1,10,2,0.01,5.015786170959473,6.822381496429443,1.8065953254699707,13.026131370173527,8.510231153176857,False,200,0.8,0.05,10,0.02,10,STRICT2
2,V1,21,1,0.005,6.322835922241211,8.30019760131836,1.9773616790771484,13.026131370173527,8.510231153176857,False,200,0.8,0.05,10,0.02,10,STRICT2
2,V1,20,1,0.005,5.584444522857666,7.260597229003906,1.6761527061462402,13.026131370173527,8.510231153176857,False,200,0.8,0.05,10,0.02,10,STRICT2
2,V2,0,174,0.87,5.410298976855524,6.998600906440342,1.5883019295848189,11.785364628838135,7.720423066125942,True,200,0.8,0.05,10,0.02,10,STRICT2
2,V2,6,164,0.82,4.652551815698021,6.753500431776047,2.1009486160780253,11.785364628838135,7.720423066125942,True,200,0.8,0.05,10,0.02,10,STRICT2
2,V2,1,157,0.785,5.145510138446138,6.734475836499047,1.5889656980529085,11.785364628838135,7.720423066125942,True,200,0.8,0.05,10,0.02,10,STRICT2
2,V2,10,113,0.565,3.327161422142616,7.0287412537468805,3.7015798316042647,11.785364628838135,7.720423066125942,True,200,0.8,0.05,10,0.02,10,STRICT2
2,V2,12,98,0.49,3.1309735774993896,6.7029185830330364,3.5719450055336464,11.785364628838135,7.720423066125942,True,200,0.8,0.05,10,0.02,10,STRICT2
2,V2,9,96,0.48,2.637437105178833,6.564364219705264,3.9269271145264306,11.785364628838135,7.720423066125942,True,200,0.8,0.05,10,0.02,10,STRICT2
2,V2,11,85,0.425,2.4731477092294134,7.203381538391113,4.7302338291617,11.785364628838135,7.720423066125942,True,200,0.8,0.05,10,0.02,10,STRICT2
2,V2,4,83,0.415,2.333034038543701,6.036543369293213,3.7035093307495117,11.785364628838135,7.720423066125942,True,200,0.8,0.05,10,0.02,10,STRICT2
2,V2,5,83,0.415,3.9984779357910156,6.224300373031433,2.2258224372404167,11.785364628838135,7.720423066125942,True,200,0.8,0.05,10,0.02,10,STRICT2
2,V2,2,75,0.375,5.724443306294522,7.1034772895103275,1.3790339832158052,11.785364628838135,7.720423066125942,True,200,0.8,0.05,10,0.02,10,STRICT2
2,V2,13,53,0.265,4.627779356070927,7.059954745428903,2.4321753893579756,11.785364628838135,7.720423066125942,True,200,0.8,0.05,10,0.02,10,STRICT2
2,V2,8,44,0.22,4.795607599345121,6.342387914657593,1.5467803153124722,11.785364628838135,7.720423066125942,True,200,0.8,0.05,10,0.02,10,STRICT2
2,V2,15,42,0.21,4.395039626530239,6.030533404577346,1.6354937780471075,11.785364628838135,7.720423066125942,True,200,0.8,0.05,10,0.02,10,STRICT2
2,V2,7,33,0.165,5.06285743152394,7.006466024062213,1.9436085925382727,11.785364628838135,7.720423066125942,True,200,0.8,0.05,10,0.02,10,STRICT2
2,V2,14,26,0.13,2.471191883087158,7.53174431507404,5.060552431986882,11.785364628838135,7.720423066125942,True,200,0.8,0.05,10,0.02,10,STRICT2
2,V2,18,22,0.11,5.103872776031494,6.397778577274746,1.2939058012432523,11.785364628838135,7.720423066125942,True,200,0.8,0.05,10,0.02,10,STRICT2
2,V2,17,19,0.095,5.40926025130532,7.415321393446489,2.006061142141169,11.785364628838135,7.720423066125942,True,200,0.8,0.05,10,0.02,10,STRICT2
2,V2,16,15,0.075,2.333034038543701,6.5957029342651365,4.262668895721435,11.785364628838135,7.720423066125942,True,200,0.8,0.05,10,0.02,10,STRICT2
2,V2,3,7,0.035,2.637437105178833,6.93986177444458,4.302424669265747,11.785364628838135,7.720423066125942,False,200,0.8,0.05,10,0.02,10,STRICT2
2,V2,20,6,0.03,5.482445061206818,6.69751250743866,1.215067446231842,11.785364628838135,7.720423066125942,False,200,0.8,0.05,10,0.02,10,STRICT2
2,V2,22,3,0.015,4.750685691833496,6.036543369293213,1.2858576774597168,11.785364628838135,7.720423066125942,False,200,0.8,0.05,10,0.02,10,STRICT2
2,V2,19,2,0.01,5.972999572753906,7.2790868282318115,1.3060872554779053,11.785364628838135,7.720423066125942,False,200,0.8,0.05,10,0.02,10,STRICT2
2,V2,21,1,0.005,5.032080173492432,7.548854827880859,2.5167746543884277,11.785364628838135,7.720423066125942,False,200,0.8,0.05,10,0.02,10,STRICT2
2,V3,2,199,0.995,3.672098869569086,5.204720456968953,1.5326215873998668,9.567964554833008,6.152104140328003,True,200,0.8,0.05,10,0.02,10,STRICT2
2,V3,1,191,0.955,3.2877105499598125,4.861953133442363,1.5742425834825502,9.567964554833008,6.152104140328003,True,200,0.8,0.05,10,0.02,10,STRICT2
2,V3,9,136,0.68,3.7121051082834167,5.496636323761522,1.7845312154781052,9.567964554833008,6.152104140328003,True,200,0.8,0.05,10,0.02,10,STRICT2
2,V3,8,113,0.565,3.2275903187692165,5.294283792376518,2.0666934736073017,9.567964554833008,6.152104140328003,True,200,0.8,0.05,10,0.02,10,STRICT2
2,V3,11,110,0.55,2.3253884315490723,5.435566273602572,3.1101778420535,9.567964554833008,6.152104140328003,True,200,0.8,0.05,10,0.02,10,STRICT2
2,V3,7,98,0.49,2.732727289199829,5.171286475901701,2.438559186701872,9.567964554833008,6.152104140328003,True,200,0.8,0.05,10,0.02,10,STRICT2
2,V3,6,84,0.42,2.0498433113098145,5.113721609115601,3.063878297805786,9.567964554833008,6.152104140328003,True,200,0.8,0.05,10,0.02,10,STRICT2
2,V3,0,79,0.395,2.843989133834839,4.777124133291124,1.933134999456285,9.567964554833008,6.152104140328003,True,200,0.8,0.05,10,0.02,10,STRICT2
2,V3,3,51,0.255,3.5229500777581158,4.941792803652146,1.4188427258940304,9.567964554833008,6.152104140328003,True,200,0.8,0.05,10,0.02,10,STRICT2
2,V3,10,50,0.25,3.0758567043379244,4.5301693374035406,1.4543126330656164,9.567964554833008,6.152104140328003,True,200,0.8,0.05,10,0.02,10,STRICT2
2,V3,4,47,0.235,3.993693514664968,5.43316703637441,1.439473521709442,9.567964554833008,6.152104140328003,True,200,0.8,0.05,10,0.02,10,STRICT2
2,V3,12,31,0.155,3.073451429605484,4.851179003715515,1.7777275741100311,9.567964554833008,6.152104140328003,True,200,0.8,0.05,10,0.02,10,STRICT2
2,V3,13,13,0.065,3.453943967819214,5.184233041910025,1.730289074090811,9.567964554833008,6.152104140328003,True,200,0.8,0.05,10,0.02,10,STRICT2
2,V3,15,8,0.04,2.732727289199829,5.42627340555191,2.6935461163520813,9.567964554833008,6.152104140328003,False,200,0.8,0.05,10,0.02,10,STRICT2
2,V3,14,7,0.035,3.066521406173706,4.792454855782645,1.7259334496089391,9.567964554833008,6.152104140328003,False,200,0.8,0.05,10,0.02,10,STRICT2
2,V3,16,3,0.015,3.9755707581837973,5.6158037185668945,1.6402329603830974,9.567964554833008,6.152104140328003,False,200,0.8,0.05,10,0.02,10,STRICT2
2,V3,20,2,0.01,3.1219615936279297,5.066285610198975,1.944324016571045,9.567964554833008,6.152104140328003,False,200,0.8,0.05,10,0.02,10,STRICT2
2,V3,19,2,0.01,4.245003938674927,5.620169639587402,1.3751657009124756,9.567964554833008,6.152104140328003,False,200,0.8,0.05,10,0.02,10,STRICT2
2,V3,5,2,0.01,3.8361730575561523,5.1834025382995605,1.3472294807434082,9.567964554833008,6.152104140328003,False,200,0.8,0.05,10,0.02,10,STRICT2
2,V3,18,1,0.005,2.0498433113098145,5.404066562652588,3.3542232513427734,9.567964554833008,6.152104140328003,False,200,0.8,0.05,10,0.02,10,STRICT2
2,V3,17,1,0.005,3.3220555782318115,4.680825233459473,1.3587696552276611,9.567964554833008,6.152104140328003,False,200,0.8,0.05,10,0.02,10,STRICT2
2,V4,1,200,1.0,2.6403716908799515,4.876288634520751,2.2359169436407997,12.855088324354721,6.119970561073853,True,200,0.8,0.05,10,0.02,10,STRICT2
2,V4,2,174,0.87,2.2991952090290004,4.652027674893427,2.3528324658644264,12.855088324354721,6.119970561073853,True,200,0.8,0.05,10,0.02,10,STRICT2
2,V4,3,144,0.72,2.942314613433111,5.273254502387274,2.3309398889541626,12.855088324354721,6.119970561073853,True,200,0.8,0.05,10,0.02,10,STRICT2
2,V4,0,101,0.505,2.140509605407715,5.230592774872733,3.090083169465018,12.855088324354721,6.119970561073853,True,200,0.8,0.05,10,0.02,10,STRICT2
2,V4,6,94,0.47,1.6714425086975098,4.932569630602573,3.261127121905063,12.855088324354721,6.119970561073853,True,200,0.8,0.05,10,0.02,10,STRICT2
2,V4,4,90,0.45,2.0545464096069335,4.375218051910401,2.320671642303467,12.855088324354721,6.119970561073853,True,200,0.8,0.05,10,0.02,10,STRICT2
2,V4,10,23,0.115,3.275251370209914,5.358141862429106,2.0828904922191915,12.855088324354721,6.119970561073853,True,200,0.8,0.05,10,0.02,10,STRICT2
2,V4,5,17,0.085,2.0673976441224418,4.802847842375438,2.735450198252996,12.855088324354721,6.119970561073853,True,200,0.8,0.05,10,0.02,10,STRICT2
2,V4,8,9,0.045,2.662264903386434,5.243755393558079,2.5814904901716442,12.855088324354721,6.119970561073853,False,200,0.8,0.05,10,0.02,10,STRICT2
2,V4,9,5,0.025,2.6412477493286133,4.644566345214844,2.0033185958862303,12.855088324354721,6.119970561073853,False,200,0.8,0.05,10,0.02,10,STRICT2
2,V4,7,5,0.025,2.9819861888885497,4.98394365310669,2.0019574642181395,12.855088324354721,6.119970561073853,False,200,0.8,0.05,10,0.02,10,STRICT2
2,V4,11,2,0.01,2.942405939102173,5.545816421508789,2.603410482406616,12.855088324354721,6.119970561073853,False,200,0.8,0.05,10,0.02,10,STRICT2
2,LO2,4,187,0.935,10.717572388232954,17.241862978711225,6.5242905904782695,36.65293287585838,19.22662389378412,True,200,0.8,0.05,10,0.02,10,STRICT2
2,LO2,6,132,0.66,9.524898769980982,17.023058288975765,7.498159518994783,36.65293287585838,19.22662389378412,True,200,0.8,0.05,10,0.02,10,STRICT2
2,LO2,2,127,0.635,5.4747880989650515,17.35670114013384,11.881913041168788,36.65293287585838,19.22662389378412,True,200,0.8,0.05,10,0.02,10,STRICT2
2,LO2,1,113,0.565,4.227283904131721,17.52641906738281,13.29913516325109,36.65293287585838,19.22662389378412,True,200,0.8,0.05,10,0.02,10,STRICT2
2,LO2,7,108,0.54,9.644831657409668,18.759371881131774,9.114540223722104,36.65293287585838,19.22662389378412,True,200,0.8,0.05,10,0.02,10,STRICT2
2,LO2,3,100,0.5,6.677644729614258,16.96630439758301,10.28865966796875,36.65293287585838,19.22662389378412,True,200,0.8,0.05,10,0.02,10,STRICT2
2,LO2,5,91,0.455,12.158607085545858,17.602658655129225,5.444051569583369,36.65293287585838,19.22662389378412,True,200,0.8,0.05,10,0.02,10,STRICT2
2,LO2,9,72,0.36,13.415523064763923,18.101999069515028,4.686476004751105,36.65293287585838,19.22662389378412,True,200,0.8,0.05,10,0.02,10,STRICT2
2,LO2,8,69,0.345,12.449203647979319,17.627254342379636,5.178050694400317,36.65293287585838,19.22662389378412,True,200,0.8,0.05,10,0.02,10,STRICT2
2,LO2,11,45,0.225,9.69332504272461,15.9048433303833,6.211518287658691,36.65293287585838,19.22662389378412,True,200,0.8,0.05,10,0.02,10,STRICT2
2,LO2,0,19,0.095,4.471338272094727,18.703361009296618,14.232022737201891,36.65293287585838,19.22662389378412,True,200,0.8,0.05,10,0.02,10,STRICT2
2,LO2,10,19,0.095,12.19683666229248,16.762323951721193,4.565487289428711,36.65293287585838,19.22662389378412,True,200,0.8,0.05,10,0.02,10,STRICT2
2,LO2,13,7,0.035,13.354191144307455,17.249203364054363,3.8950122197469077,36.65293287585838,19.22662389378412,False,200,0.8,0.05,10,0.02,10,STRICT2
2,LO2,12,6,0.03,14.078365325927734,18.84255377451579,4.764188448588054,36.65293287585838,19.22662389378412,False,200,0.8,0.05,10,0.02,10,STRICT2
2,LO2,16,4,0.02,9.670108795166016,17.83748435974121,8.167375564575195,36.65293287585838,19.22662389378412,False,200,0.8,0.05,10,0.02,10,STRICT2
2,LO2,18,4,0.02,11.27118968963623,16.020435571670532,4.749245882034302,36.65293287585838,19.22662389378412,False,200,0.8,0.05,10,0.02,10,STRICT2
2,LO2,15,4,0.02,14.466581726074219,17.788916397094727,3.3223346710205077,36.65293287585838,19.22662389378412,False,200,0.8,0.05,10,0.02,10,STRICT2
2,LO2,14,1,0.005,12.200421333312988,16.110414505004883,3.9099931716918945,36.65293287585838,19.22662389378412,False,200,0.8,0.05,10,0.02,10,STRICT2
2,LO2,17,1,0.005,15.314798355102539,18.70919418334961,3.3943958282470703,36.65293287585838,19.22662389378412,False,200,0.8,0.05,10,0.02,10,STRICT2
2,MT,1,176,0.88,3.7080176856098435,9.188430793171,5.480413107561156,18.84400986235006,11.348162890480591,True,200,0.8,0.05,10,0.02,10,STRICT2
2,MT,2,129,0.645,4.395790694963814,9.253563984785929,4.8577732898221155,18.84400986235006,11.348162890480591,True,200,0.8,0.05,10,0.02,10,STRICT2
2,MT,0,123,0.615,2.4281069046229273,8.874453435489787,6.44634653086686,18.84400986235006,11.348162890480591,True,200,0.8,0.05,10,0.02,10,STRICT2
2,MT,6,95,0.475,1.8603501319885254,8.763816351639598,6.903466219651071,18.84400986235006,11.348162890480591,True,200,0.8,0.05,10,0.02,10,STRICT2
2,MT,7,80,0.4,1.0564723014831543,8.616423666477203,7.559951364994049,18.84400986235006,11.348162890480591,True,200,0.8,0.05,10,0.02,10,STRICT2
2,MT,3,66,0.33,3.6775672316551207,8.73860000371933,5.061032772064209,18.84400986235006,11.348162890480591,True,200,0.8,0.05,10,0.02,10,STRICT2
2,MT,4,49,0.245,5.074487917262353,9.421708516548016,4.347220599285664,18.84400986235006,11.348162890480591,True,200,0.8,0.05,10,0.02,10,STRICT2
2,MT,5,16,0.08,5.452134526294211,9.561380158299984,4.109245632005774,18.84400986235006,11.348162890480591,True,200,0.8,0.05,10,0.02,10,STRICT2
2,MT,8,7,0.035,6.020400941371918,9.744738578796387,3.724337637424469,18.84400986235006,11.348162890480591,False,200,0.8,0.05,10,0.02,10,STRICT2
2,MT,9,1,0.005,6.20460319519043,10.188748359680176,3.984145164489746,18.84400986235006,11.348162890480591,False,200,0.8,0.05,10,0.02,10,STRICT2
2,PH,0,193,0.965,2.350509206317031,6.521366740817617,4.170857534500585,17.24452894281013,8.809518867240978,True,200,0.8,0.05,10,0.02,10,STRICT2
2,PH,1,154,0.77,2.769852142821076,6.845045583222502,4.075193440401426,17.24452894281013,8.809518867240978,True,200,0.8,0.05,10,0.02,10,STRICT2
2,PH,2,43,0.215,3.318596915593223,7.23250314924452,3.9139062336512973,17.24452894281013,8.809518867240978,True,200,0.8,0.05,10,0.02,10,STRICT2
2,PH,3,37,0.185,2.2374535610801294,6.928244628404316,4.690791067324187,17.24452894281013,8.809518867240978,True,200,0.8,0.05,10,0.02,10,STRICT2
2,PH,6,14,0.07,2.7667140131411343,6.422874015310536,3.656160002169402,17.24452894281013,8.809518867240978,True,200,0.8,0.05,10,0.02,10,STRICT2
2,PH,5,8,0.04,3.693349175983005,7.417957994672987,3.724608818689982,17.24452894281013,8.809518867240978,False,200,0.8,0.05,10,0.02,10,STRICT2
2,PH,4,5,0.025,2.655659238497416,7.207528114318848,4.551868875821431,17.24452894281013,8.809518867240978,False,200,0.8,0.05,10,0.02,10,STRICT2
2,STSva,1,200,1.0,2.658512877298079,4.751034518549557,2.0925216412514778,11.363306404160095,5.795761049793793,True,200,0.8,0.05,10,0.02,10,STRICT2
2,STSva,0,194,0.97,2.2018423168747514,4.396746120008094,2.194903803133343,11.363306404160095,5.795761049793793,True,200,0.8,0.05,10,0.02,10,STRICT2
2,STSva,4,87,0.435,1.8087629079818726,4.186798106664899,2.378035198683026,11.363306404160095,5.795761049793793,True,200,0.8,0.05,10,0.02,10,STRICT2
2,STSva,8,71,0.355,1.5166858434677124,4.305807597200635,2.789121753732923,11.363306404160095,5.795761049793793,True,200,0.8,0.05,10,0.02,10,STRICT2
2,STSva,6,67,0.335,2.5197089609473644,4.466826125828907,1.9471171648815424,11.363306404160095,5.795761049793793,True,200,0.8,0.05,10,0.02,10,STRICT2
2,STSva,5,63,0.315,3.0446400023125983,5.025271632454612,1.9806316301420137,11.363306404160095,5.795761049793793,True,200,0.8,0.05,10,0.02,10,STRICT2
2,STSva,2,50,0.25,2.123620893016006,4.179350722919811,2.0557298299038047,11.363306404160095,5.795761049793793,True,200,0.8,0.05,10,0.02,10,STRICT2
2,STSva,9,36,0.18,2.2626475921043983,4.6899554423796825,2.4273078502752843,11.363306404160095,5.795761049793793,True,200,0.8,0.05,10,0.02,10,STRICT2
2,STSva,7,6,0.03,3.0065374741187463,4.789092540740967,1.7825550666222205,11.363306404160095,5.795761049793793,False,200,0.8,0.05,10,0.02,10,STRICT2
2,STSva,10,4,0.02,1.8087629079818726,4.4306944608688354,2.621931552886963,11.363306404160095,5.795761049793793,False,200,0.8,0.05,10,0.02,10,STRICT2
2,STSva,11,2,0.01,3.3083534240722656,5.002111117045085,1.693757692972819,11.363306404160095,5.795761049793793,False,200,0.8,0.05,10,0.02,10,STRICT2
2,STSva,3,1,0.005,2.037374973297119,4.066235542297363,2.028860569000244,11.363306404160095,5.795761049793793,False,200,0.8,0.05,10,0.02,10,STRICT2
2,STSva,12,1,0.005,2.9157657623291016,4.501397132873535,1.5856313705444336,11.363306404160095,5.795761049793793,False,200,0.8,0.05,10,0.02,10,STRICT2
2,STSva,13,1,0.005,3.555161237716675,5.130716323852539,1.5755550861358643,11.363306404160095,5.795761049793793,False,200,0.8,0.05,10,0.02,10,STRICT2
2,PIT,3,199,0.995,8.142020703133642,11.586626986469652,3.4446062833360096,23.54661226372583,12.84049242834909,True,200,0.8,0.05,10,0.02,10,STRICT2
2,PIT,5,185,0.925,7.847394631086569,10.974432066923878,3.1270374358373085,23.54661226372583,12.84049242834909,True,200,0.8,0.05,10,0.02,10,STRICT2
2,PIT,4,183,0.915,7.066913704373944,10.466358107544465,3.3994444031705227,23.54661226372583,12.84049242834909,True,200,0.8,0.05,10,0.02,10,STRICT2
2,PIT,2,134,0.67,6.813742659507541,11.445972162649172,4.63222950314163,23.54661226372583,12.84049242834909,True,200,0.8,0.05,10,0.02,10,STRICT2
2,PIT,1,105,0.525,5.0951385498046875,10.606717191423689,5.511578641619001,23.54661226372583,12.84049242834909,True,200,0.8,0.05,10,0.02,10,STRICT2
2,PIT,0,96,0.48,4.168641567230225,10.887031078338623,6.718389511108398,23.54661226372583,12.84049242834909,True,200,0.8,0.05,10,0.02,10,STRICT2
2,PIT,10,15,0.075,8.535981531496402,11.159237402456778,2.623255870960377,23.54661226372583,12.84049242834909,True,200,0.8,0.05,10,0.02,10,STRICT2
2,PIT,7,9,0.045,7.792242873798717,10.445364778692072,2.653121904893355,23.54661226372583,12.84049242834909,False,200,0.8,0.05,10,0.02,10,STRICT2
2,PIT,8,4,0.02,5.0951385498046875,11.223114967346191,6.127976417541504,23.54661226372583,12.84049242834909,False,200,0.8,0.05,10,0.02,10,STRICT2
2,PIT,9,4,0.02,8.264588952064514,12.225405931472778,3.960816979408264,23.54661226372583,12.84049242834909,False,200,0.8,0.05,10,0.02,10,STRICT2
2,PIT,6,3,0.015,4.168641567230225,10.753681182861328,6.5850396156311035,23.54661226372583,12.84049242834909,False,200,0.8,0.05,10,0.02,10,STRICT2
2,PIT,11,2,0.01,9.23586654663086,11.76925802230835,2.5333914756774902,23.54661226372583,12.84049242834909,False,200,0.8,0.05,10,0.02,10,STRICT2
3,V1,2,198,0.99,1.6233952987484817,4.700410375362489,3.077015076614008,13.06757852535112,6.216538519667221,True,200,0.8,0.05,10,0.02,10,STRICT2
3,V1,1,161,0.805,1.107180165757034,4.392103703048592,3.284923537291559,13.06757852535112,6.216538519667221,True,200,0.8,0.05,10,0.02,10,STRICT2
3,V1,0,117,0.585,0.842112455404166,4.70440947166597,3.8622970162618038,13.06757852535112,6.216538519667221,True,200,0.8,0.05,10,0.02,10,STRICT2
3,V1,4,81,0.405,1.1458666324615479,5.061861927126661,3.915995294665113,13.06757852535112,6.216538519667221,True,200,0.8,0.05,10,0.02,10,STRICT2
3,V1,3,70,0.35,2.1034551231066385,4.887860078811645,2.784404955705007,13.06757852535112,6.216538519667221,True,200,0.8,0.05,10,0.02,10,STRICT2
3,V1,6,36,0.18,2.5784021966597614,5.31209519330193,2.733692996642169,13.06757852535112,6.216538519667221,True,200,0.8,0.05,10,0.02,10,STRICT2
3,V1,5,34,0.17,2.306543522614699,5.009818055079534,2.7032745324648344,13.06757852535112,6.216538519667221,True,200,0.8,0.05,10,0.02,10,STRICT2
3,V1,10,32,0.16,1.3842336870729923,4.595643952488899,3.211410265415907,13.06757852535112,6.216538519667221,True,200,0.8,0.05,10,0.02,10,STRICT2
3,V1,11,28,0.14,1.6276088295311764,5.051028892911714,3.4234200633805374,13.06757852535112,6.216538519667221,True,200,0.8,0.05,10,0.02,10,STRICT2
3,V1,7,26,0.13,1.7335663951676468,4.439312260726402,2.7057458655587556,13.06757852535112,6.216538519667221,True,200,0.8,0.05,10,0.02,10,STRICT2
3,V1,8,6,0.03,2.7285810708999634,5.469706137975057,2.7411250670750937,13.06757852535112,6.216538519667221,False,200,0.8,0.05,10,0.02,10,STRICT2
3,V1,9,1,0.005,2.889880418777466,5.444617748260498,2.5547373294830322,13.06757852535112,6.216538519667221,False,200,0.8,0.05,10,0.02,10,STRICT2
3,V2,0,200,1.0,2.9612501438926246,4.963014589374649,2.001764445482024,11.525164754198624,5.83051660756929,True,200,0.8,0.05,10,0.02,10,STRICT2
3,V2,2,199,0.995,2.5820994724478714,4.5557771774464655,1.9736777049985936,11.525164754198624,5.83051660756929,True,200,0.8,0.05,10,0.02,10,STRICT2
3,V2,4,153,0.765,2.248704186257194,4.454681698013754,2.2059775117565605,11.525164754198624,5.83051660756929,True,200,0.8,0.05,10,0.02,10,STRICT2
3,V2,3,127,0.635,1.8290185123530742,4.52022189416256,2.6912033818094865,11.525164754198624,5.83051660756929,True,200,0.8,0.05,10,0.02,10,STRICT2
3,V2,5,97,0.485,2.587356844333687,4.8960208555664675,2.3086640112327808,11.525164754198624,5.83051660756929,True,200,0.8,0.05,10,0.02,10,STRICT2
3,V2,8,23,0.115,2.9468258909277014,4.642091287148966,1.695265396221264,11.525164754198624,5.83051660756929,True,200,0.8,0.05,10,0.02,10,STRICT2
3,V2,7,16,0.08,2.55184006690979,4.230833416893368,1.6789933499835787,11.525164754198624,5.83051660756929,True,200,0.8,0.05,10,0.02,10,STRICT2
3,V2,1,12,0.06,3.2521573384602864,4.984036922454834,1.7318795839945476,11.525164754198624,5.83051660756929,True,200,0.8,0.05,10,0.02,10,STRICT2
3,V2,6,3,0.015,2.310575008392334,4.74444580078125,2.433870792388916,11.525164754198624,5.83051660756929,False,200,0.8,0.05,10,0.02,10,STRICT2
3,V2,9,1,0.005,3.4107166528701782,5.01406717300415,1.6033505201339722,11.525164754198624,5.83051660756929,False,200,0.8,0.05,10,0.02,10,STRICT2
3,V2,10,1,0.005,3.2133126258850098,4.703043460845947,1.4897308349609375,11.525164754198624,5.83051660756929,False,200,0.8,0.05,10,0.02,10,STRICT2
3,V3,0,196,0.98,2.3239710590718787,5.137590564178586,2.813619505106707,15.558526561664177,6.805717618273331,True,200,0.8,0.05,10,0.02,10,STRICT2
3,V3,2,131,0.655,2.9624173107431897,5.763901542075238,2.801484231332048,15.558526561664177,6.805717618273331,True,200,0.8,0.05,10,0.02,10,STRICT2
3,V3,1,125,0.625,2.569029803951411,5.330264914189286,2.7612351102378745,15.558526561664177,6.805717618273331,True,200,0.8,0.05,10,0.02,10,STRICT2
3,V3,3,121,0.605,1.8074096423297672,4.959186345488582,3.1517767031588146,15.558526561664177,6.805717618273331,True,200,0.8,0.05,10,0.02,10,STRICT2
3,V3,4,24,0.12,2.9423654927147758,5.425650225745307,2.483284733030531,15.558526561664177,6.805717618273331,True,200,0.8,0.05,10,0.02,10,STRICT2
3,V3,9,16,0.08,2.876134157180786,6.166475057601929,3.2903409004211426,15.558526561664177,6.805717618273331,True,200,0.8,0.05,10,0.02,10,STRICT2
3,V3,10,6,0.03,2.2440836429595947,5.508519649505615,3.2644360065460205,15.558526561664177,6.805717618273331,False,200,0.8,0.05,10,0.02,10,STRICT2
3,V3,8,5,0.025,2.0925214767456053,4.768468379974365,2.67594690322876,15.558526561664177,6.805717618273331,False,200,0.8,0.05,10,0.02,10,STRICT2
3,V3,7,4,0.02,1.6790854930877686,5.215405583381653,3.5363200902938843,15.558526561664177,6.805717618273331,False,200,0.8,0.05,10,0.02,10,STRICT2
3,V3,6,3,0.015,3.387929121653239,5.7462490399678545,2.3583199183146157,15.558526561664177,6.805717618273331,False,200,0.8,0.05,10,0.02,10,STRICT2
3,V3,5,2,0.01,2.763826847076416,5.166101773579915,2.4022749265034995,15.558526561664177,6.805717618273331,False,200,0.8,0.05,10,0.02,10,STRICT2
3,V4,1,192,0.96,2.7821323320186337,7.822832083036114,5.04069975101748,21.238530100391937,10.079366088913513,True,200,0.8,0.05,10,0.02,10,STRICT2
3,V4,2,183,0.915,3.3203199327180064,7.966134367681076,4.64581443496307,21.238530100391937,10.079366088913513,True,200,0.8,0.05,10,0.02,10,STRICT2
3,V4,0,117,0.585,1.716770967067276,7.4809960396908926,5.764225072623616,21.238530100391937,10.079366088913513,True,200,0.8,0.05,10,0.02,10,STRICT2
3,V4,3,82,0.41,3.9774494431762077,8.164451498734323,4.187002055558116,21.238530100391937,10.079366088913513,True,200,0.8,0.05,10,0.02,10,STRICT2
3,V4,4,13,0.065,4.524952073891957,8.295435150464376,3.770483076572418,21.238530100391937,10.079366088913513,True,200,0.8,0.05,10,0.02,10,STRICT2
3,V4,5,12,0.06,3.255382537841797,7.526154518127441,4.2707719802856445,21.238530100391937,10.079366088913513,True,200,0.8,0.05,10,0.02,10,STRICT2
3,V4,6,5,0.025,3.7181999683380127,7.661441326141357,3.9432413578033447,21.238530100391937,10.079366088913513,False,200,0.8,0.05,10,0.02,10,STRICT2
3,V4,7,2,0.01,4.854792833328247,8.874085426330566,4.019292593002319,21.238530100391937,10.079366088913513,False,200,0.8,0.05,10,0.02,10,STRICT2
3,LO2,2,192,0.96,5.749554283544772,11.779558065811718,6.030003782266946,27.086376248927547,14.254049449296428,True,200,0.8,0.05,10,0.02,10,STRICT2
3,LO2,1,159,0.795,4.900968911632007,11.465359166757949,6.564390255125943,27.086376248927547,14.254049449296428,True,200,0.8,0.05,10,0.02,10,STRICT2
3,LO2,3,117,0.585,6.556424298054168,12.014966021977727,5.4585417239235605,27.086376248927547,14.254049449296428,True,200,0.8,0.05,10,0.02,10,STRICT2
3,LO2,0,115,0.575,3.7087061871653018,11.334430466527524,7.625724279362222,27.086376248927547,14.254049449296428,True,200,0.8,0.05,10,0.02,10,STRICT2
3,LO2,4,32,0.16,7.305748637841672,12.200000470998337,4.894251833156663,27.086376248927547,14.254049449296428,True,200,0.8,0.05,10,0.02,10,STRICT2
3,LO2,5,3,0.015,6.4368696212768555,11.459189176559448,5.022319555282593,27.086376248927547,14.254049449296428,False,200,0.8,0.05,10,0.02,10,STRICT2
3,LO2,6,1,0.005,7.985161066055298,12.283129692077637,4.297968626022339,27.086376248927547,14.254049449296428,False,200,0.8,0.05,10,0.02,10,STRICT2
3,MT,3,182,0.91,3.096061267334616,7.234165495765163,4.138104228430547,17.7963924417959,8.99550473790033,True,200,0.8,0.05,10,0.02,10,STRICT2
3,MT,2,147,0.735,2.441398954092834,7.11659180794479,4.675192853851955,17.7963924417959,8.99550473790033,True,200,0.8,0.05,10,0.02,10,STRICT2
3,MT,0,118,0.59,3.661912581990066,7.344349375048887,3.6824367930588213,17.7963924417959,8.99550473790033,True,200,0.8,0.05,10,0.02,10,STRICT2
3,MT,9,61,0.305,1.8585155010223389,6.6195268630981445,4.761011362075806,17.7963924417959,8.99550473790033,True,200,0.8,0.05,10,0.02,10,STRICT2
3,MT,4,45,0.225,2.905385136604309,6.741194050887535,3.835808914283226,17.7963924417959,8.99550473790033,True,200,0.8,0.05,10,0.02,10,STRICT2
3,MT,1,45,0.225,4.183045326277267,7.621928203937619,3.438882877660352,17.7963924417959,8.99550473790033,True,200,0.8,0.05,10,0.02,10,STRICT2
3,MT,5,12,0.06,1.8585155010223389,7.029123862584432,5.170608361562093,17.7963924417959,8.99550473790033,True,200,0.8,0.05,10,0.02,10,STRICT2
3,MT,7,7,0.035,2.575573205947876,7.5290913581848145,4.9535181522369385,17.7963924417959,8.99550473790033,False,200,0.8,0.05,10,0.02,10,STRICT2
3,MT,8,3,0.015,3.413886070251465,6.8254828453063965,3.4115967750549316,17.7963924417959,8.99550473790033,False,200,0.8,0.05,10,0.02,10,STRICT2
3,MT,6,3,0.015,3.865191400051117,7.061888337135315,3.196696937084198,17.7963924417959,8.99550473790033,False,200,0.8,0.05,10,0.02,10,STRICT2
3,MT,10,1,0.005,3.2139599323272705,7.59552001953125,4.3815600872039795,17.7963924417959,8.99550473790033,False,200,0.8,0.05,10,0.02,10,STRICT2
3,PH,0,199,0.995,2.556105526232276,7.725047384339162,5.168941858106886,21.555828128544373,9.882006977287812,True,200,0.8,0.05,10,0.02,10,STRICT2
3,PH,3,123,0.615,1.993673750259334,7.502815234302963,5.509141484043629,21.555828128544373,9.882006977287812,True,200,0.8,0.05,10,0.02,10,STRICT2
3,PH,1,77,0.385,3.570277228412858,8.133859752172446,4.563582523759589,21.555828128544373,9.882006977287812,True,200,0.8,0.05,10,0.02,10,STRICT2
3,PH,2,31,0.155,3.139026906039264,7.753544962083971,4.614518056044707,21.555828128544373,9.882006977287812,True,200,0.8,0.05,10,0.02,10,STRICT2
3,PH,6,2,0.01,4.405292510986328,8.755768775939941,4.350476264953613,21.555828128544373,9.882006977287812,False,200,0.8,0.05,10,0.02,10,STRICT2
3,PH,4,2,0.01,4.108425498008728,8.222811222076416,4.114385724067688,21.555828128544373,9.882006977287812,False,200,0.8,0.05,10,0.02,10,STRICT2
3,PH,5,1,0.005,2.640662431716919,7.32100772857666,4.680345296859741,21.555828128544373,9.882006977287812,False,200,0.8,0.05,10,0.02,10,STRICT2
3,STSva,0,196,0.98,2.9974533383636905,6.27370697333072,3.2762536349670297,14.389203907059265,7.836782456444336,True,200,0.8,0.05,10,0.02,10,STRICT2
3,STSva,1,187,0.935,3.516921568475041,6.467562487292848,2.950640918817807,14.389203907059265,7.836782456444336,True,200,0.8,0.05,10,0.02,10,STRICT2
3,STSva,7,109,0.545,2.852793482063854,5.941195407156217,3.088401925092363,14.389203907059265,7.836782456444336,True,200,0.8,0.05,10,0.02,10,STRICT2
3,STSva,4,84,0.42,2.448698043823242,6.154734685307457,3.706036641484215,14.389203907059265,7.836782456444336,True,200,0.8,0.05,10,0.02,10,STRICT2
3,STSva,3,30,0.15,4.091085638318743,6.953864301953997,2.862778663635254,14.389203907059265,7.836782456444336,True,200,0.8,0.05,10,0.02,10,STRICT2
3,STSva,2,20,0.1,3.957323080301285,6.61779215335846,2.6604690730571745,14.389203907059265,7.836782456444336,True,200,0.8,0.05,10,0.02,10,STRICT2
3,STSva,5,3,0.015,2.8466074466705322,6.464894612630208,3.6182871659596763,14.389203907059265,7.836782456444336,False,200,0.8,0.05,10,0.02,10,STRICT2
3,STSva,6,2,0.01,3.2031052112579346,6.501929521560669,3.2988243103027344,14.389203907059265,7.836782456444336,False,200,0.8,0.05,10,0.02,10,STRICT2
3,STSva,9,1,0.005,3.5664336681365967,6.147977828979492,2.5815441608428955,14.389203907059265,7.836782456444336,False,200,0.8,0.05,10,0.02,10,STRICT2
3,STSva,8,1,0.005,4.400951862335205,6.845385551452637,2.4444336891174316,14.389203907059265,7.836782456444336,False,200,0.8,0.05,10,0.02,10,STRICT2
3,PIT,0,200,1.0,4.31805286465301,9.689265286909311,5.371212422256302,27.760077831404043,11.652023733662201,True,200,0.8,0.05,10,0.02,10,STRICT2
3,PIT,1,70,0.35,4.979050068815877,10.032860172681572,5.053810103865694,27.760077831404043,11.652023733662201,True,200,0.8,0.05,10,0.02,10,STRICT2
3,PIT,2,64,0.32,3.7217648652883675,9.579040908813477,5.8572760435251086,27.760077831404043,11.652023733662201,True,200,0.8,0.05,10,0.02,10,STRICT2
4,V1,1,199,0.995,7.616144661469893,12.954720334573226,5.338575673103333,28.997912735746933,15.04533076386316,True,200,0.8,0.05,10,0.02,10,STRICT2
4,V1,6,163,0.815,6.502578438394438,12.449652603583607,5.94707416518917,28.997912735746933,15.04533076386316,True,200,0.8,0.05,10,0.02,10,STRICT2
4,V1,0,122,0.61,5.44806944080657,12.984459912118735,7.536390471312166,28.997912735746933,15.04533076386316,True,200,0.8,0.05,10,0.02,10,STRICT2
4,V1,3,65,0.325,8.540733413876227,13.270773941615843,4.7300405277396145,28.997912735746933,15.04533076386316,True,200,0.8,0.05,10,0.02,10,STRICT2
4,V1,2,54,0.27,9.208794866289411,14.427752716200692,5.218957849911281,28.997912735746933,15.04533076386316,True,200,0.8,0.05,10,0.02,10,STRICT2
4,V1,8,21,0.105,6.710715566362653,13.21506759098598,6.5043520246233255,28.997912735746933,15.04533076386316,True,200,0.8,0.05,10,0.02,10,STRICT2
4,V1,7,17,0.085,6.102651596069336,13.064939106211943,6.962287510142607,28.997912735746933,15.04533076386316,True,200,0.8,0.05,10,0.02,10,STRICT2
4,V1,5,11,0.055,9.335107076735724,13.618809836251396,4.283702759515672,28.997912735746933,15.04533076386316,True,200,0.8,0.05,10,0.02,10,STRICT2
4,V1,4,7,0.035,7.8216986656188965,13.358941316604614,5.537242650985718,28.997912735746933,15.04533076386316,False,200,0.8,0.05,10,0.02,10,STRICT2
4,V1,9,7,0.035,9.935950824192592,14.388963426862444,4.453012602669852,28.997912735746933,15.04533076386316,False,200,0.8,0.05,10,0.02,10,STRICT2
4,V2,0,188,0.94,5.455140138283754,10.851180496556038,5.396040358272285,21.866344929741455,13.11075508694513,True,200,0.8,0.05,10,0.02,10,STRICT2
4,V2,2,183,0.915,6.418173177164184,11.18135459069342,4.763181413529236,21.866344929741455,13.11075508694513,True,200,0.8,0.05,10,0.02,10,STRICT2
4,V2,6,104,0.52,4.615137577056885,11.149148409183208,6.534010832126324,21.866344929741455,13.11075508694513,True,200,0.8,0.05,10,0.02,10,STRICT2
4,V2,5,88,0.44,4.173947811126709,11.034431024031205,6.860483212904497,21.866344929741455,13.11075508694513,True,200,0.8,0.05,10,0.02,10,STRICT2
4,V2,4,83,0.415,3.24416184425354,10.185124305357416,6.940962461103876,21.866344929741455,13.11075508694513,True,200,0.8,0.05,10,0.02,10,STRICT2
4,V2,7,57,0.285,7.42583288969817,11.695289341019995,4.269456451321825,21.866344929741455,13.11075508694513,True,200,0.8,0.05,10,0.02,10,STRICT2
4,V2,3,53,0.265,7.189273456983928,11.318460265292398,4.129186808308469,21.866344929741455,13.11075508694513,True,200,0.8,0.05,10,0.02,10,STRICT2
4,V2,11,30,0.15,5.599955081939697,10.291900952657064,4.691945870717366,21.866344929741455,13.11075508694513,True,200,0.8,0.05,10,0.02,10,STRICT2
4,V2,1,9,0.045,5.405408117506239,11.37943967183431,5.974031554328071,21.866344929741455,13.11075508694513,False,200,0.8,0.05,10,0.02,10,STRICT2
4,V2,10,8,0.04,7.6429123878479,12.296459317207336,4.653546929359436,21.866344929741455,13.11075508694513,False,200,0.8,0.05,10,0.02,10,STRICT2
4,V2,8,5,0.025,8.152521390181322,11.562519440284142,3.409998050102821,21.866344929741455,13.11075508694513,False,200,0.8,0.05,10,0.02,10,STRICT2
4,V2,12,4,0.02,7.207576751708984,10.820317840576172,3.6127410888671876,21.866344929741455,13.11075508694513,False,200,0.8,0.05,10,0.02,10,STRICT2
4,V2,13,3,0.015,6.63746976852417,10.69141960144043,4.05394983291626,21.866344929741455,13.11075508694513,False,200,0.8,0.05,10,0.02,10,STRICT2
4,V2,9,2,0.01,8.722421169281006,11.928465366363525,3.2060441970825195,21.866344929741455,13.11075508694513,False,200,0.8,0.05,10,0.02,10,STRICT2
4,V3,0,197,0.985,6.129317133308461,10.69519664150627,4.565879508197809,20.08426223795278,12.771576539681984,True,200,0.8,0.05,10,0.02,10,STRICT2
4,V3,1,185,0.925,6.754809004858055,11.031075818568954,4.2762668137109,20.08426223795278,12.771576539681984,True,200,0.8,0.05,10,0.02,10,STRICT2
4,V3,3,117,0.585,5.324170679416296,10.155117310817886,4.83094663140159,20.08426223795278,12.771576539681984,True,200,0.8,0.05,10,0.02,10,STRICT2
4,V3,6,74,0.37,5.8699285079692975,10.21606976958527,4.346141261615973,20.08426223795278,12.771576539681984,True,200,0.8,0.05,10,0.02,10,STRICT2
4,V3,4,64,0.32,5.974343776702881,11.309346452355385,5.335002675652504,20.08426223795278,12.771576539681984,True,200,0.8,0.05,10,0.02,10,STRICT2
4,V3,7,14,0.07,7.253129260880606,10.881352424621582,3.6282231637409756,20.08426223795278,12.771576539681984,True,200,0.8,0.05,10,0.02,10,STRICT2
4,V3,2,12,0.06,7.669677019119263,11.228801833258736,3.559124814139472,20.08426223795278,12.771576539681984,True,200,0.8,0.05,10,0.02,10,STRICT2
4,V3,8,10,0.05,6.760729730129242,10.550642430782318,3.789912700653076,20.08426223795278,12.771576539681984,True,200,0.8,0.05,10,0.02,10,STRICT2
4,V3,11,3,0.015,5.178414821624756,10.568228403727213,5.389813582102458,20.08426223795278,12.771576539681984,False,200,0.8,0.05,10,0.02,10,STRICT2
4,V3,9,3,0.015,6.34632682800293,10.018240928649902,3.6719141006469727,20.08426223795278,12.771576539681984,False,200,0.8,0.05,10,0.02,10,STRICT2
4,V3,5,1,0.005,6.617865562438965,11.280248641967773,4.662383079528809,20.08426223795278,12.771576539681984,False,200,0.8,0.05,10,0.02,10,STRICT2
4,V3,10,1,0.005,8.10020637512207,11.793107032775879,3.6929006576538086,20.08426223795278,12.771576539681984,False,200,0.8,0.05,10,0.02,10,STRICT2
4,V4,2,195,0.975,8.53167186264883,12.696447304095042,4.164775441446211,20.976937414215637,14.465776802109314,True,200,0.8,0.05,10,0.02,10,STRICT2
4,V4,0,179,0.895,7.585901594769976,12.613492470621411,5.027590875851435,20.976937414215637,14.465776802109314,True,200,0.8,0.05,10,0.02,10,STRICT2
4,V4,4,137,0.685,7.645696057549006,11.927897450290148,4.282201392741143,20.976937414215637,14.465776802109314,True,200,0.8,0.05,10,0.02,10,STRICT2
4,V4,1,111,0.555,6.873100932987257,12.143450994601196,5.270350061613938,20.976937414215637,14.465776802109314,True,200,0.8,0.05,10,0.02,10,STRICT2
4,V4,3,60,0.3,9.16451565989383,12.773969475993045,3.609453816099215,20.976937414215637,14.465776802109314,True,200,0.8,0.05,10,0.02,10,STRICT2
4,V4,5,54,0.27,8.330024043215982,12.116328637811202,3.786304594595221,20.976937414215637,14.465776802109314,True,200,0.8,0.05,10,0.02,10,STRICT2
4,V4,6,34,0.17,7.816412448883057,13.035324573516846,5.218912124633789,20.976937414215637,14.465776802109314,True,200,0.8,0.05,10,0.02,10,STRICT2
4,V4,7,16,0.08,9.395879745483398,13.152501779444078,3.756622033960679,20.976937414215637,14.465776802109314,True,200,0.8,0.05,10,0.02,10,STRICT2
4,V4,9,7,0.035,9.545811653137207,13.831024033682686,4.28521238054548,20.976937414215637,14.465776802109314,False,200,0.8,0.05,10,0.02,10,STRICT2
4,V4,8,5,0.025,8.432210159301757,13.115255737304688,4.68304557800293,20.976937414215637,14.465776802109314,False,200,0.8,0.05,10,0.02,10,STRICT2
4,V4,10,2,0.01,9.97256056467692,13.202828089396158,3.2302675247192383,20.976937414215637,14.465776802109314,False,200,0.8,0.05,10,0.02,10,STRICT2
4,V4,12,2,0.01,9.05575180053711,12.178306579589844,3.1225547790527344,20.976937414215637,14.465776802109314,False,200,0.8,0.05,10,0.02,10,STRICT2
4,V4,11,1,0.005,7.311871528625488,13.23263168334961,5.920760154724121,20.976937414215637,14.465776802109314,False,200,0.8,0.05,10,0.02,10,STRICT2
4,V4,13,1,0.005,9.607698440551758,12.702756881713867,3.0950584411621094,20.976937414215637,14.465776802109314,False,200,0.8,0.05,10,0.02,10,STRICT2
4,LO2,4,196,0.98,9.475363408466887,15.599660787971908,6.1242973795050215,30.091726184891296,18.110806823776795,True,200,0.8,0.05,10,0.02,10,STRICT2
4,LO2,3,160,0.8,8.39999622518024,15.024105690875231,6.624109465694992,30.091726184891296,18.110806823776795,True,200,0.8,0.05,10,0.02,10,STRICT2
4,LO2,2,138,0.69,6.119287319857665,14.819536502915199,8.700249183057535,30.091726184891296,18.110806823776795,True,200,0.8,0.05,10,0.02,10,STRICT2
4,LO2,1,103,0.515,7.273652076721191,16.413870783685482,9.140218706964289,30.091726184891296,18.110806823776795,True,200,0.8,0.05,10,0.02,10,STRICT2
4,LO2,0,91,0.455,4.848987102508545,14.723621881925142,9.874634779416597,30.091726184891296,18.110806823776795,True,200,0.8,0.05,10,0.02,10,STRICT2
4,LO2,5,85,0.425,7.512845993041992,14.32926809647504,6.816422103433048,30.091726184891296,18.110806823776795,True,200,0.8,0.05,10,0.02,10,STRICT2
4,LO2,6,63,0.315,9.046788778305054,15.111491804122926,6.064703025817871,30.091726184891296,18.110806823776795,True,200,0.8,0.05,10,0.02,10,STRICT2
4,LO2,8,39,0.195,10.4415397457048,15.890259995180017,5.448720249475217,30.091726184891296,18.110806823776795,True,200,0.8,0.05,10,0.02,10,STRICT2
4,LO2,7,24,0.12,7.512845993041992,14.98046882947286,7.467622836430867,30.091726184891296,18.110806823776795,True,200,0.8,0.05,10,0.02,10,STRICT2
4,LO2,12,16,0.08,9.45799446105957,16.273380756378174,6.8153862953186035,30.091726184891296,18.110806823776795,True,200,0.8,0.05,10,0.02,10,STRICT2
4,LO2,10,6,0.03,8.410454750061035,14.129141807556152,5.718687057495117,30.091726184891296,18.110806823776795,False,200,0.8,0.05,10,0.02,10,STRICT2
4,LO2,11,6,0.03,11.450418472290039,16.82312075297038,5.372702280680339,30.091726184891296,18.110806823776795,False,200,0.8,0.05,10,0.02,10,STRICT2
4,LO2,9,3,0.015,8.739202499389648,15.865787188212076,7.126584688822429,30.091726184891296,18.110806823776795,False,200,0.8,0.05,10,0.02,10,STRICT2
4,MT,0,198,0.99,5.327832168218487,13.752398320374022,8.424566152155535,33.994326354073124,16.84331488709314,True,200,0.8,0.05,10,0.02,10,STRICT2
4,MT,1,192,0.96,6.62213210077602,14.540099235521353,7.917967134745333,33.994326354073124,16.84331488709314,True,200,0.8,0.05,10,0.02,10,STRICT2
4,MT,3,169,0.845,4.139804517139088,13.377351801323169,9.23754728418408,33.994326354073124,16.84331488709314,True,200,0.8,0.05,10,0.02,10,STRICT2
4,MT,5,70,0.35,2.5049238204956055,12.448314666748047,9.943390846252441,33.994326354073124,16.84331488709314,True,200,0.8,0.05,10,0.02,10,STRICT2
4,MT,2,53,0.265,6.263919126070463,14.142324271568885,7.878405145498422,33.994326354073124,16.84331488709314,True,200,0.8,0.05,10,0.02,10,STRICT2
4,MT,4,25,0.125,7.249437910137755,15.464535770994244,8.21509786085649,33.994326354073124,16.84331488709314,True,200,0.8,0.05,10,0.02,10,STRICT2
4,MT,7,21,0.105,2.5049238204956055,13.141673996334983,10.636750175839378,33.994326354073124,16.84331488709314,True,200,0.8,0.05,10,0.02,10,STRICT2
4,MT,8,13,0.065,7.652967384883335,14.55033929007394,6.897371905190604,33.994326354073124,16.84331488709314,True,200,0.8,0.05,10,0.02,10,STRICT2
4,MT,6,6,0.03,3.6463425159454346,13.474804719289144,9.82846220334371,33.994326354073124,16.84331488709314,False,200,0.8,0.05,10,0.02,10,STRICT2
4,MT,10,2,0.01,6.416305065155029,13.372303009033203,6.955997943878174,33.994326354073124,16.84331488709314,False,200,0.8,0.05,10,0.02,10,STRICT2
4,MT,9,1,0.005,7.328947067260742,13.832305908203125,6.503358840942383,33.994326354073124,16.84331488709314,False,200,0.8,0.05,10,0.02,10,STRICT2
4,PH,0,197,0.985,6.377431219102839,14.361366058787299,7.983934839684461,27.9368297467695,17.352438927696777,True,200,0.8,0.05,10,0.02,10,STRICT2
4,PH,2,151,0.755,5.147373712792689,14.043261406373004,8.895887693580317,27.9368297467695,17.352438927696777,True,200,0.8,0.05,10,0.02,10,STRICT2
4,PH,5,116,0.58,4.376542328933661,13.941796210504346,9.565253881570687,27.9368297467695,17.352438927696777,True,200,0.8,0.05,10,0.02,10,STRICT2
4,PH,3,88,0.44,5.8234504699707035,14.684564039442275,8.861113569471572,27.9368297467695,17.352438927696777,True,200,0.8,0.05,10,0.02,10,STRICT2
4,PH,4,86,0.43,3.5815844535827637,13.515162689741267,9.933578236158503,27.9368297467695,17.352438927696777,True,200,0.8,0.05,10,0.02,10,STRICT2
4,PH,8,82,0.41,2.140336036682129,13.649564266204834,11.509228229522705,27.9368297467695,17.352438927696777,True,200,0.8,0.05,10,0.02,10,STRICT2
4,PH,1,62,0.31,7.636940947524062,14.626238934628597,6.989297987104536,27.9368297467695,17.352438927696777,True,200,0.8,0.05,10,0.02,10,STRICT2
4,PH,6,9,0.045,8.51496182169233,14.911553042275566,6.396591220583234,27.9368297467695,17.352438927696777,False,200,0.8,0.05,10,0.02,10,STRICT2
4,PH,7,5,0.025,7.027892589569092,14.630809211730957,7.602916622161866,27.9368297467695,17.352438927696777,False,200,0.8,0.05,10,0.02,10,STRICT2
4,PH,9,1,0.005,7.383273124694824,15.216817855834961,7.833544731140137,27.9368297467695,17.352438927696777,False,200,0.8,0.05,10,0.02,10,STRICT2
4,STSva,1,196,0.98,6.139563000563419,11.452432333820997,5.312869333257579,22.534807042287422,13.801858977483345,True,200,0.8,0.05,10,0.02,10,STRICT2
4,STSva,0,168,0.84,5.342119070415161,11.305514623041022,5.963395552625862,22.534807042287422,13.801858977483345,True,200,0.8,0.05,10,0.02,10,STRICT2
4,STSva,3,142,0.71,7.102110311438475,11.970229037972384,4.8681187265339085,22.534807042287422,13.801858977483345,True,200,0.8,0.05,10,0.02,10,STRICT2
4,STSva,4,111,0.555,5.040681186023059,11.898386130461821,6.857704944438763,22.534807042287422,13.801858977483345,True,200,0.8,0.05,10,0.02,10,STRICT2
4,STSva,2,90,0.45,6.860387063720851,11.572833112142618,4.712446048421767,22.534807042287422,13.801858977483345,True,200,0.8,0.05,10,0.02,10,STRICT2
4,STSva,6,34,0.17,7.6815097955557015,12.084389202411359,4.402879406855656,22.534807042287422,13.801858977483345,True,200,0.8,0.05,10,0.02,10,STRICT2
4,STSva,5,5,0.025,6.897498416900635,11.47930965423584,4.581811237335205,22.534807042287422,13.801858977483345,False,200,0.8,0.05,10,0.02,10,STRICT2
4,STSva,11,3,0.015,6.301205158233643,10.91318130493164,4.611976146697998,22.534807042287422,13.801858977483345,False,200,0.8,0.05,10,0.02,10,STRICT2
4,STSva,10,2,0.01,8.161177158355713,12.502032279968262,4.340855121612549,22.534807042287422,13.801858977483345,False,200,0.8,0.05,10,0.02,10,STRICT2
4,STSva,9,2,0.01,7.282321929931641,11.42054796218872,4.13822603225708,22.534807042287422,13.801858977483345,False,200,0.8,0.05,10,0.02,10,STRICT2
4,STSva,7,1,0.005,5.939666271209717,11.90335464477539,5.963688373565674,22.534807042287422,13.801858977483345,False,200,0.8,0.05,10,0.02,10,STRICT2
4,STSva,8,1,0.005,7.617711067199707,11.90335464477539,4.285643577575684,22.534807042287422,13.801858977483345,False,200,0.8,0.05,10,0.02,10,STRICT2
4,PIT,0,194,0.97,4.328167505099856,10.189271167228961,5.861103662129106,24.73125994305475,12.728318215416504,True,200,0.8,0.05,10,0.02,10,STRICT2
4,PIT,6,151,0.755,5.375056603482661,12.031092083181134,6.656035479698472,24.73125994305475,12.728318215416504,True,200,0.8,0.05,10,0.02,10,STRICT2
4,PIT,4,137,0.685,3.571455260117849,9.884157052115789,6.31270179199794,24.73125994305475,12.728318215416504,True,200,0.8,0.05,10,0.02,10,STRICT2
4,PIT,9,120,0.6,3.3620301692984826,10.750168168267539,7.388137998969056,24.73125994305475,12.728318215416504,True,200,0.8,0.05,10,0.02,10,STRICT2
4,PIT,2,113,0.565,5.574643227422661,10.43681693171324,4.862173704290578,24.73125994305475,12.728318215416504,True,200,0.8,0.05,10,0.02,10,STRICT2
4,PIT,3,100,0.5,4.742799949645996,11.35007287979126,6.607272930145264,24.73125994305475,12.728318215416504,True,200,0.8,0.05,10,0.02,10,STRICT2
4,PIT,5,67,0.335,6.447332371836123,10.688847645469334,4.241515273633211,24.73125994305475,12.728318215416504,True,200,0.8,0.05,10,0.02,10,STRICT2
4,PIT,13,47,0.235,5.727242479933069,11.285280572607162,5.558038092674093,24.73125994305475,12.728318215416504,True,200,0.8,0.05,10,0.02,10,STRICT2
4,PIT,14,39,0.195,4.369336294573407,10.775739226230355,6.406402931656948,24.73125994305475,12.728318215416504,True,200,0.8,0.05,10,0.02,10,STRICT2
4,PIT,7,32,0.16,4.147029399871826,9.23212718963623,5.085097789764404,24.73125994305475,12.728318215416504,True,200,0.8,0.05,10,0.02,10,STRICT2
4,PIT,12,19,0.095,7.364239952780983,11.093637228012085,3.729397275231101,24.73125994305475,12.728318215416504,True,200,0.8,0.05,10,0.02,10,STRICT2
4,PIT,11,12,0.06,5.984089374542236,9.975312312444052,3.991222937901815,24.73125994305475,12.728318215416504,True,200,0.8,0.05,10,0.02,10,STRICT2
4,PIT,1,7,0.035,4.548070232073466,9.9300008614858,5.3819306294123335,24.73125994305475,12.728318215416504,False,200,0.8,0.05,10,0.02,10,STRICT2
4,PIT,15,1,0.005,5.418539047241211,12.561273574829102,7.142734527587891,24.73125994305475,12.728318215416504,False,200,0.8,0.05,10,0.02,10,STRICT2
4,PIT,8,1,0.005,5.144401550292969,12.064840316772461,6.920438766479492,24.73125994305475,12.728318215416504,False,200,0.8,0.05,10,0.02,10,STRICT2
4,PIT,10,1,0.005,3.250164747238159,9.517354965209961,6.267190217971802,24.73125994305475,12.728318215416504,False,200,0.8,0.05,10,0.02,10,STRICT2
4,PIT,18,1,0.005,6.654636383056641,11.890677452087402,5.236041069030762,24.73125994305475,12.728318215416504,False,200,0.8,0.05,10,0.02,10,STRICT2
4,PIT,19,1,0.005,6.654636383056641,10.136528015136719,3.481891632080078,24.73125994305475,12.728318215416504,False,200,0.8,0.05,10,0.02,10,STRICT2
4,PIT,16,1,0.005,9.016826629638672,12.41964340209961,3.4028167724609375,24.73125994305475,12.728318215416504,False,200,0.8,0.05,10,0.02,10,STRICT2
4,PIT,17,1,0.005,7.279332160949707,10.556386947631836,3.277054786682129,24.73125994305475,12.728318215416504,False,200,0.8,0.05,10,0.02,10,STRICT2
5,V1,2,197,0.985,4.664738680676716,10.800994604777514,6.136255924100798,26.56371046702726,13.37098814647062,True,200,0.8,0.05,10,0.02,10,STRICT2
5,V1,1,179,0.895,3.8376442559874886,10.634994915216277,6.797350659228788,26.56371046702726,13.37098814647062,True,200,0.8,0.05,10,0.02,10,STRICT2
5,V1,0,165,0.825,2.9469149048953134,10.308585082783418,7.361670177888105,26.56371046702726,13.37098814647062,True,200,0.8,0.05,10,0.02,10,STRICT2
5,V1,3,147,0.735,5.774999342769025,11.180409333792078,5.405409991023052,26.56371046702726,13.37098814647062,True,200,0.8,0.05,10,0.02,10,STRICT2
5,V1,5,30,0.15,4.146998882293701,9.863584645589192,5.716585763295492,26.56371046702726,13.37098814647062,True,200,0.8,0.05,10,0.02,10,STRICT2
5,V1,6,19,0.095,6.645492579485919,11.557186667983597,4.911694088497677,26.56371046702726,13.37098814647062,True,200,0.8,0.05,10,0.02,10,STRICT2
5,V1,7,16,0.08,7.256726461298325,12.369867100435144,5.1131406391368195,26.56371046702726,13.37098814647062,True,200,0.8,0.05,10,0.02,10,STRICT2
5,V1,4,15,0.075,5.3330539762973785,10.420718312263489,5.08766433596611,26.56371046702726,13.37098814647062,True,200,0.8,0.05,10,0.02,10,STRICT2
5,V1,9,2,0.01,4.146998882293701,9.241546630859375,5.094547748565674,26.56371046702726,13.37098814647062,False,200,0.8,0.05,10,0.02,10,STRICT2
5,V1,8,1,0.005,4.875977516174316,11.359237670898438,6.483260154724121,26.56371046702726,13.37098814647062,False,200,0.8,0.05,10,0.02,10,STRICT2
5,V1,11,1,0.005,7.9588518142700195,12.297379493713379,4.338527679443359,26.56371046702726,13.37098814647062,False,200,0.8,0.05,10,0.02,10,STRICT2
5,V1,12,1,0.005,6.375034809112549,10.540863990783691,4.165829181671143,26.56371046702726,13.37098814647062,False,200,0.8,0.05,10,0.02,10,STRICT2
5,V1,10,1,0.005,7.465721487998962,11.61465311050415,4.148931622505188,26.56371046702726,13.37098814647062,False,200,0.8,0.05,10,0.02,10,STRICT2
5,V2,1,198,0.99,2.7699099324016285,6.044598484809286,3.274688552407657,15.165617288158966,7.721623004482819,True,200,0.8,0.05,10,0.02,10,STRICT2
5,V2,0,175,0.875,2.237198200401844,5.9911229186410075,3.7539247182391633,15.165617288158966,7.721623004482819,True,200,0.8,0.05,10,0.02,10,STRICT2
5,V2,2,160,0.8,2.875621222970474,6.398689883438187,3.5230686604677133,15.165617288158966,7.721623004482819,True,200,0.8,0.05,10,0.02,10,STRICT2
5,V2,5,77,0.385,3.3654670380709466,6.460525014944244,3.0950579768732975,15.165617288158966,7.721623004482819,True,200,0.8,0.05,10,0.02,10,STRICT2
5,V2,3,69,0.345,1.8933308223883312,6.065851767857869,4.172520945469539,15.165617288158966,7.721623004482819,True,200,0.8,0.05,10,0.02,10,STRICT2
5,V2,9,68,0.34,2.1935720496125275,5.6114699971544875,3.41789794754196,15.165617288158966,7.721623004482819,True,200,0.8,0.05,10,0.02,10,STRICT2
5,V2,7,21,0.105,2.1769020443870906,6.474280993143718,4.297378948756626,15.165617288158966,7.721623004482819,True,200,0.8,0.05,10,0.02,10,STRICT2
5,V2,6,12,0.06,3.177775691537296,6.057026526507209,2.879250834969913,15.165617288158966,7.721623004482819,True,200,0.8,0.05,10,0.02,10,STRICT2
5,V2,11,6,0.03,3.8225135122026717,6.5110577174595425,2.688544205256871,15.165617288158966,7.721623004482819,False,200,0.8,0.05,10,0.02,10,STRICT2
5,V2,8,4,0.02,2.7223662535349527,5.670957088470459,2.9485908349355063,15.165617288158966,7.721623004482819,False,200,0.8,0.05,10,0.02,10,STRICT2
5,V2,4,2,0.01,2.2614173889160156,6.0247802734375,3.7633628845214844,15.165617288158966,7.721623004482819,False,200,0.8,0.05,10,0.02,10,STRICT2
5,V2,10,1,0.005,3.3895199298858643,6.949188709259033,3.559668779373169,15.165617288158966,7.721623004482819,False,200,0.8,0.05,10,0.02,10,STRICT2
5,V3,0,199,0.995,3.2039509889353877,7.439015064654143,4.235064075718755,18.71687424282892,9.426772237824036,True,200,0.8,0.05,10,0.02,10,STRICT2
5,V3,1,181,0.905,3.81350850618609,7.758470986952568,3.9449624807664776,18.71687424282892,9.426772237824036,True,200,0.8,0.05,10,0.02,10,STRICT2
5,V3,5,116,0.58,2.0561606543404713,7.228278664180211,5.172118009839739,18.71687424282892,9.426772237824036,True,200,0.8,0.05,10,0.02,10,STRICT2
5,V3,6,104,0.52,2.698554277420044,7.183551572836363,4.484997295416319,18.71687424282892,9.426772237824036,True,200,0.8,0.05,10,0.02,10,STRICT2
5,V3,7,37,0.185,3.1723819555238237,7.916526461756507,4.744144506232683,18.71687424282892,9.426772237824036,True,200,0.8,0.05,10,0.02,10,STRICT2
5,V3,3,34,0.17,4.275147617840376,7.769314038948934,3.4941664211085586,18.71687424282892,9.426772237824036,True,200,0.8,0.05,10,0.02,10,STRICT2
5,V3,2,23,0.115,3.51482420701247,7.189845892099234,3.675021685086764,18.71687424282892,9.426772237824036,True,200,0.8,0.05,10,0.02,10,STRICT2
5,V3,4,17,0.085,4.694134998321533,7.966413620540074,3.2722786222185407,18.71687424282892,9.426772237824036,True,200,0.8,0.05,10,0.02,10,STRICT2
5,V3,9,11,0.055,4.941307504971822,8.354577461878458,3.4132699569066367,18.71687424282892,9.426772237824036,True,200,0.8,0.05,10,0.02,10,STRICT2
5,V3,8,7,0.035,4.390509605407715,8.465689795357841,4.075180189950125,18.71687424282892,9.426772237824036,False,200,0.8,0.05,10,0.02,10,STRICT2
5,V3,10,5,0.025,3.714520215988159,8.225955581665039,4.5114353656768795,18.71687424282892,9.426772237824036,False,200,0.8,0.05,10,0.02,10,STRICT2
5,V3,12,2,0.01,5.556613445281982,8.57595157623291,3.0193381309509277,18.71687424282892,9.426772237824036,False,200,0.8,0.05,10,0.02,10,STRICT2
5,V3,11,1,0.005,4.012012481689453,7.30756950378418,3.2955570220947266,18.71687424282892,9.426772237824036,False,200,0.8,0.05,10,0.02,10,STRICT2
5,V4,1,174,0.87,4.043900795248208,9.853583620722087,5.80968282547388,26.862862826393677,11.842426897095276,True,200,0.8,0.05,10,0.02,10,STRICT2
5,V4,0,158,0.79,3.2247414756239507,9.590079876414517,6.365338400790566,26.862862826393677,11.842426897095276,True,200,0.8,0.05,10,0.02,10,STRICT2
5,V4,2,124,0.62,4.919807609109317,9.931200696159811,5.011393087050494,26.862862826393677,11.842426897095276,True,200,0.8,0.05,10,0.02,10,STRICT2
5,V4,5,91,0.455,1.701545238494873,9.124853909670652,7.4233086711757785,26.862862826393677,11.842426897095276,True,200,0.8,0.05,10,0.02,10,STRICT2
5,V4,3,56,0.28,5.5276681367088765,10.159498820585362,4.631830683876486,26.862862826393677,11.842426897095276,True,200,0.8,0.05,10,0.02,10,STRICT2
5,V4,7,45,0.225,2.5878360271453857,9.443255805969239,6.855419778823853,26.862862826393677,11.842426897095276,True,200,0.8,0.05,10,0.02,10,STRICT2
5,V4,6,27,0.135,4.234428882598877,9.160839080810547,4.92641019821167,26.862862826393677,11.842426897095276,True,200,0.8,0.05,10,0.02,10,STRICT2
5,V4,4,21,0.105,6.093834400177002,10.39450394588968,4.300669545712679,26.862862826393677,11.842426897095276,True,200,0.8,0.05,10,0.02,10,STRICT2
5,LO2,1,196,0.98,4.321040587443883,10.529355828734078,6.208315241290196,26.924486101673676,13.026232183979584,True,200,0.8,0.05,10,0.02,10,STRICT2
5,LO2,0,173,0.865,2.9256863324766975,10.05122357886028,7.125537246383583,26.924486101673676,13.026232183979584,True,200,0.8,0.05,10,0.02,10,STRICT2
5,LO2,2,112,0.56,5.190679797976036,10.89801928377527,5.707339485799234,26.924486101673676,13.026232183979584,True,200,0.8,0.05,10,0.02,10,STRICT2
5,LO2,4,108,0.54,3.582430362701416,10.482225771303531,6.899795408602114,26.924486101673676,13.026232183979584,True,200,0.8,0.05,10,0.02,10,STRICT2
5,LO2,3,83,0.415,1.3093959093093872,9.933063219828778,8.62366731051939,26.924486101673676,13.026232183979584,True,200,0.8,0.05,10,0.02,10,STRICT2
5,LO2,5,36,0.18,6.065061156814163,11.826471431835278,5.761410275021115,26.924486101673676,13.026232183979584,True,200,0.8,0.05,10,0.02,10,STRICT2
5,LO2,6,11,0.055,5.945006370544434,11.077605786530867,5.1325994159864345,26.924486101673676,13.026232183979584,True,200,0.8,0.05,10,0.02,10,STRICT2
5,LO2,7,2,0.01,4.861881256103516,10.32638168334961,5.464500427246094,26.924486101673676,13.026232183979584,False,200,0.8,0.05,10,0.02,10,STRICT2
5,MT,0,190,0.95,3.0561684183099054,11.164202310822226,8.10803389251232,31.882714451359345,14.396942378090454,True,200,0.8,0.05,10,0.02,10,STRICT2
5,MT,1,178,0.89,3.9594326439476513,11.448205238222764,7.4887725942751135,31.882714451359345,14.396942378090454,True,200,0.8,0.05,10,0.02,10,STRICT2
5,MT,4,120,0.6,2.1834551777158464,11.014360501652671,8.830905323936825,31.882714451359345,14.396942378090454,True,200,0.8,0.05,10,0.02,10,STRICT2
5,MT,3,80,0.4,1.0652588605880737,10.95250836610794,9.887249505519867,31.882714451359345,14.396942378090454,True,200,0.8,0.05,10,0.02,10,STRICT2
5,MT,2,47,0.235,4.8819354602268765,11.885253853850312,7.003318393623436,31.882714451359345,14.396942378090454,True,200,0.8,0.05,10,0.02,10,STRICT2
5,MT,5,5,0.025,5.743006229400635,12.31649915377299,6.573492924372355,31.882714451359345,14.396942378090454,False,200,0.8,0.05,10,0.02,10,STRICT2
5,MT,7,2,0.01,6.612687587738037,12.801227569580078,6.188539981842041,31.882714451359345,14.396942378090454,False,200,0.8,0.05,10,0.02,10,STRICT2
5,MT,6,1,0.005,5.495872974395752,11.739356994628906,6.243484020233154,31.882714451359345,14.396942378090454,False,200,0.8,0.05,10,0.02,10,STRICT2
5,PH,0,199,0.995,2.2500343833813825,8.696714773588774,6.4466803902073915,24.9928041110502,11.14514446358545,True,200,0.8,0.05,10,0.02,10,STRICT2
5,PH,2,183,0.915,1.4049412824333851,8.369965102353985,6.9650238199206,24.9928041110502,11.14514446358545,True,200,0.8,0.05,10,0.02,10,STRICT2
5,PH,1,87,0.435,3.0568288293751804,9.034811384750135,5.977982555374955,24.9928041110502,11.14514446358545,True,200,0.8,0.05,10,0.02,10,STRICT2
5,PH,3,7,0.035,3.6648565769195556,9.205688762664796,5.54083218574524,24.9928041110502,11.14514446358545,False,200,0.8,0.05,10,0.02,10,STRICT2
5,STSva,0,195,0.975,3.0135227062104737,6.765846974397432,3.7523242681869577,18.468093873070313,8.288325906799866,True,200,0.8,0.05,10,0.02,10,STRICT2
5,STSva,4,157,0.785,2.5758670015537994,6.581616969818764,4.005749968264965,18.468093873070313,8.288325906799866,True,200,0.8,0.05,10,0.02,10,STRICT2
5,STSva,5,119,0.595,2.0863431326274213,6.230609540281625,4.144266407654203,18.468093873070313,8.288325906799866,True,200,0.8,0.05,10,0.02,10,STRICT2
5,STSva,7,102,0.51,1.6962170600891113,6.347331799712836,4.651114739623725,18.468093873070313,8.288325906799866,True,200,0.8,0.05,10,0.02,10,STRICT2
5,STSva,2,94,0.47,3.5440658735377446,6.848027770008359,3.303961896470615,18.468093873070313,8.288325906799866,True,200,0.8,0.05,10,0.02,10,STRICT2
5,STSva,3,81,0.405,1.1407009363174438,6.195842077702652,5.055141141385208,18.468093873070313,8.288325906799866,True,200,0.8,0.05,10,0.02,10,STRICT2
5,STSva,1,80,0.4,3.8492777334170394,7.0648809791950695,3.21560324577803,18.468093873070313,8.288325906799866,True,200,0.8,0.05,10,0.02,10,STRICT2
5,STSva,12,12,0.06,3.936598539352417,7.484851797421773,3.5482532580693564,18.468093873070313,8.288325906799866,True,200,0.8,0.05,10,0.02,10,STRICT2
5,STSva,8,7,0.035,3.0173023806677923,6.299223052130805,3.2819206714630127,18.468093873070313,8.288325906799866,False,200,0.8,0.05,10,0.02,10,STRICT2
5,STSva,10,6,0.03,4.3399984041849775,7.461805502573649,3.121807098388672,18.468093873070313,8.288325906799866,False,200,0.8,0.05,10,0.02,10,STRICT2
5,STSva,9,3,0.015,4.1597900390625,6.900840441385905,2.741050402323405,18.468093873070313,8.288325906799866,False,200,0.8,0.05,10,0.02,10,STRICT2
5,STSva,13,1,0.005,2.945284128189087,7.153298377990723,4.208014249801636,18.468093873070313,8.288325906799866,False,200,0.8,0.05,10,0.02,10,STRICT2
5,STSva,6,1,0.005,2.7614965438842773,6.751616477966309,3.9901199340820312,18.468093873070313,8.288325906799866,False,200,0.8,0.05,10,0.02,10,STRICT2
5,STSva,11,1,0.005,3.5992002487182617,6.413301467895508,2.814101219177246,18.468093873070313,8.288325906799866,False,200,0.8,0.05,10,0.02,10,STRICT2
5,PIT,1,200,1.0,2.3622679886738402,7.767883799057062,5.405615810383222,25.35345220665796,9.853890896843506,True,200,0.8,0.05,10,0.02,10,STRICT2
5,PIT,0,124,0.62,1.2490103046099346,7.317195711036523,6.068185406426589,25.35345220665796,9.853890896843506,True,200,0.8,0.05,10,0.02,10,STRICT2
5,PIT,3,121,0.605,1.877832836151123,7.178870780944824,5.301037944793701,25.35345220665796,9.853890896843506,True,200,0.8,0.05,10,0.02,10,STRICT2
5,PIT,2,111,0.555,3.075131048907095,8.126467247507465,5.051336198600371,25.35345220665796,9.853890896843506,True,200,0.8,0.05,10,0.02,10,STRICT2
5,PIT,4,25,0.125,3.7611425364459,8.922061920166016,5.160919383720115,25.35345220665796,9.853890896843506,True,200,0.8,0.05,10,0.02,10,STRICT2
5,PIT,5,5,0.025,3.6295826775687083,8.2836058480399,4.654023170471191,25.35345220665796,9.853890896843506,False,200,0.8,0.05,10,0.02,10,STRICT2
5,PIT,7,1,0.005,2.394777774810791,7.127123832702637,4.732346057891846,25.35345220665796,9.853890896843506,False,200,0.8,0.05,10,0.02,10,STRICT2
5,PIT,6,1,0.005,2.990645170211792,7.55655574798584,4.565910577774048,25.35345220665796,9.853890896843506,False,200,0.8,0.05,10,0.02,10,STRICT2
